-- --------------------------------------------------------
-- Host:                         127.0.0.1
-- Versión del servidor:         Microsoft SQL Server 2022 (RTM-GDR) (KB5073031) - 16.0.1165.1
-- SO del servidor:              Windows 10 Pro 10.0 <X64> (Build 26200: ) (Hypervisor)
-- HeidiSQL Versión:             12.12.0.7122
-- --------------------------------------------------------

/*!40101 SET @OLD_CHARACTER_SET_CLIENT=@@CHARACTER_SET_CLIENT */;
/*!40101 SET NAMES  */;
/*!40103 SET @OLD_TIME_ZONE=@@TIME_ZONE */;
/*!40103 SET TIME_ZONE='+00:00' */;
/*!40014 SET @OLD_FOREIGN_KEY_CHECKS=@@FOREIGN_KEY_CHECKS, FOREIGN_KEY_CHECKS=0 */;
/*!40101 SET @OLD_SQL_MODE=@@SQL_MODE, SQL_MODE='NO_AUTO_VALUE_ON_ZERO' */;
/*!40111 SET @OLD_SQL_NOTES=@@SQL_NOTES, SQL_NOTES=0 */;


-- Volcando estructura de base de datos para PROYECTOINTER
CREATE DATABASE IF NOT EXISTS "PROYECTOINTER";
USE "PROYECTOINTER";

-- Volcando estructura para tabla PROYECTOINTER.ACTIVIDADES
CREATE TABLE IF NOT EXISTS "ACTIVIDADES" (
	"CODACTIVIDAD" SMALLINT,
	"NOMBRE" NVARCHAR(40) COLLATE Modern_Spanish_CI_AS,
	"ESTADO" NVARCHAR(255) COLLATE Modern_Spanish_CI_AS,
	"ESTADO_APROBACION" NVARCHAR(20) DEFAULT N'''PENDIENTE''' COLLATE Modern_Spanish_CI_AS,
	"ESTADO_NEW" NVARCHAR(255) DEFAULT NULL COLLATE Modern_Spanish_CI_AS,
	"DIRECCION" NVARCHAR(40) COLLATE Modern_Spanish_CI_AS,
	"SECTOR" NVARCHAR(50) DEFAULT NULL COLLATE Modern_Spanish_CI_AS,
	"DESCRIPCION" VARCHAR(max) DEFAULT NULL COLLATE Modern_Spanish_CI_AS,
	"FECHA_INICIO" DATETIME2(6),
	"FECHA_FIN" DATETIME2(6),
	"MAX_PARTICIPANTES" SMALLINT,
	"CIF_EMPRESA" NCHAR(9) DEFAULT NULL COLLATE Modern_Spanish_CI_AS,
	FOREIGN KEY INDEX "FK_FED6DA367DF202BB" ("CIF_EMPRESA"),
	PRIMARY KEY ("CODACTIVIDAD"),
	CONSTRAINT "FK_FED6DA367DF202BB" FOREIGN KEY ("CIF_EMPRESA") REFERENCES "ORGANIZACIONES" ("CIF") ON UPDATE NO_ACTION ON DELETE NO_ACTION
);

-- Volcando datos para la tabla PROYECTOINTER.ACTIVIDADES: -1 rows
DELETE FROM "ACTIVIDADES";
/*!40000 ALTER TABLE "ACTIVIDADES" DISABLE KEYS */;
INSERT INTO "ACTIVIDADES" ("CODACTIVIDAD", "NOMBRE", "ESTADO", "ESTADO_APROBACION", "ESTADO_NEW", "DIRECCION", "SECTOR", "DESCRIPCION", "FECHA_INICIO", "FECHA_FIN", "MAX_PARTICIPANTES", "CIF_EMPRESA") VALUES
	(1, N'Actividad Social 0', N'ABIERTA', N'ACEPTADO', NULL, N'Centro Comunitario 0', N'Animales', N'Únete a nuestra causa para mejorar el entorno.', N'2026-03-10 14:03:00.588385', N'2026-03-10 18:03:00.588412', 10, N'B00000000'),
	(2, N'Actividad Social 1', N'ABIERTA', N'ACEPTADO', NULL, N'Centro Comunitario 1', N'Comunitario', N'Únete a nuestra causa para mejorar el entorno.', N'2026-03-10 14:03:00.590319', N'2026-03-10 18:03:00.590329', 10, N'B00000001'),
	(3, N'Actividad Social 2', N'ABIERTA', N'ACEPTADO', NULL, N'Centro Comunitario 2', N'Vivienda', N'Únete a nuestra causa para mejorar el entorno.', N'2026-03-10 14:03:00.591739', N'2026-03-10 18:03:00.591747', 10, N'B00000002');
/*!40000 ALTER TABLE "ACTIVIDADES" ENABLE KEYS */;

-- Volcando estructura para tabla PROYECTOINTER.ACTIVIDADES_HABILIDADES
CREATE TABLE IF NOT EXISTS "ACTIVIDADES_HABILIDADES" (
	"CODACTIVIDAD" SMALLINT,
	"HABILIDAD_ID" INT,
	FOREIGN KEY INDEX "FK_D978BAD6C1F05EDB" ("CODACTIVIDAD"),
	FOREIGN KEY INDEX "FK_D978BAD6CF65AA26" ("HABILIDAD_ID"),
	PRIMARY KEY ("CODACTIVIDAD", "HABILIDAD_ID"),
	CONSTRAINT "FK_D978BAD6C1F05EDB" FOREIGN KEY ("CODACTIVIDAD") REFERENCES "ACTIVIDADES" ("CODACTIVIDAD") ON UPDATE NO_ACTION ON DELETE NO_ACTION,
	CONSTRAINT "FK_D978BAD6CF65AA26" FOREIGN KEY ("HABILIDAD_ID") REFERENCES "HABILIDADES" ("id") ON UPDATE NO_ACTION ON DELETE NO_ACTION
);

-- Volcando datos para la tabla PROYECTOINTER.ACTIVIDADES_HABILIDADES: -1 rows
DELETE FROM "ACTIVIDADES_HABILIDADES";
/*!40000 ALTER TABLE "ACTIVIDADES_HABILIDADES" DISABLE KEYS */;
/*!40000 ALTER TABLE "ACTIVIDADES_HABILIDADES" ENABLE KEYS */;

-- Volcando estructura para tabla PROYECTOINTER.ACTIVIDADES_NECESIDADES
CREATE TABLE IF NOT EXISTS "ACTIVIDADES_NECESIDADES" (
	"CODACTIVIDAD" SMALLINT,
	"NECESIDAD_ID" INT,
	FOREIGN KEY INDEX "FK_E9643DC43CECC7E9" ("NECESIDAD_ID"),
	FOREIGN KEY INDEX "FK_E9643DC4C1F05EDB" ("CODACTIVIDAD"),
	PRIMARY KEY ("CODACTIVIDAD", "NECESIDAD_ID"),
	CONSTRAINT "FK_E9643DC4C1F05EDB" FOREIGN KEY ("CODACTIVIDAD") REFERENCES "ACTIVIDADES" ("CODACTIVIDAD") ON UPDATE NO_ACTION ON DELETE NO_ACTION,
	CONSTRAINT "FK_E9643DC43CECC7E9" FOREIGN KEY ("NECESIDAD_ID") REFERENCES "NECESIDADES" ("id") ON UPDATE NO_ACTION ON DELETE NO_ACTION
);

-- Volcando datos para la tabla PROYECTOINTER.ACTIVIDADES_NECESIDADES: -1 rows
DELETE FROM "ACTIVIDADES_NECESIDADES";
/*!40000 ALTER TABLE "ACTIVIDADES_NECESIDADES" DISABLE KEYS */;
/*!40000 ALTER TABLE "ACTIVIDADES_NECESIDADES" ENABLE KEYS */;

-- Volcando estructura para tabla PROYECTOINTER.ACTIVIDADES_ODS
CREATE TABLE IF NOT EXISTS "ACTIVIDADES_ODS" (
	"CODACTIVIDAD" SMALLINT,
	"ODS_ID" INT,
	FOREIGN KEY INDEX "FK_77A22A43C1F05EDB" ("CODACTIVIDAD"),
	FOREIGN KEY INDEX "FK_77A22A43CED5F97" ("ODS_ID"),
	PRIMARY KEY ("CODACTIVIDAD", "ODS_ID"),
	CONSTRAINT "FK_77A22A43C1F05EDB" FOREIGN KEY ("CODACTIVIDAD") REFERENCES "ACTIVIDADES" ("CODACTIVIDAD") ON UPDATE NO_ACTION ON DELETE NO_ACTION,
	CONSTRAINT "FK_77A22A43CED5F97" FOREIGN KEY ("ODS_ID") REFERENCES "ODS" ("id") ON UPDATE NO_ACTION ON DELETE NO_ACTION
);

-- Volcando datos para la tabla PROYECTOINTER.ACTIVIDADES_ODS: -1 rows
DELETE FROM "ACTIVIDADES_ODS";
/*!40000 ALTER TABLE "ACTIVIDADES_ODS" DISABLE KEYS */;
INSERT INTO "ACTIVIDADES_ODS" ("CODACTIVIDAD", "ODS_ID") VALUES
	(1, 4),
	(2, 3),
	(3, 1);
/*!40000 ALTER TABLE "ACTIVIDADES_ODS" ENABLE KEYS */;

-- Volcando estructura para tabla PROYECTOINTER.administrador
CREATE TABLE IF NOT EXISTS "administrador" (
	"id" INT,
	"email" NVARCHAR(180) COLLATE Modern_Spanish_CI_AS,
	"roles" VARCHAR(max) COLLATE Modern_Spanish_CI_AS,
	"nombre" NVARCHAR(255) COLLATE Modern_Spanish_CI_AS,
	PRIMARY KEY ("id")
);

-- Volcando datos para la tabla PROYECTOINTER.administrador: -1 rows
DELETE FROM "administrador";
/*!40000 ALTER TABLE "administrador" DISABLE KEYS */;
INSERT INTO "administrador" ("id", "email", "roles", "nombre") VALUES
	(1, N'admin@curso.com', N'["ROLE_ADMIN"]', N'Admin Master');
/*!40000 ALTER TABLE "administrador" ENABLE KEYS */;

-- Volcando estructura para tabla PROYECTOINTER.CICLOS
CREATE TABLE IF NOT EXISTS "CICLOS" (
	"CURSO" SMALLINT,
	"NOMBRE" NVARCHAR(100) COLLATE Modern_Spanish_CI_AS,
	PRIMARY KEY ("CURSO", "NOMBRE")
);

-- Volcando datos para la tabla PROYECTOINTER.CICLOS: -1 rows
DELETE FROM "CICLOS";
/*!40000 ALTER TABLE "CICLOS" DISABLE KEYS */;
INSERT INTO "CICLOS" ("CURSO", "NOMBRE") VALUES
	(2, N'Administración'),
	(2, N'ASIR'),
	(2, N'DAM'),
	(2, N'DAW'),
	(2, N'Marketing');
/*!40000 ALTER TABLE "CICLOS" ENABLE KEYS */;

-- Volcando estructura para tabla PROYECTOINTER.doctrine_migration_versions
CREATE TABLE IF NOT EXISTS "doctrine_migration_versions" (
	"version" NVARCHAR(191) COLLATE Modern_Spanish_CI_AS,
	"executed_at" DATETIME2(6) DEFAULT NULL,
	"execution_time" INT DEFAULT NULL,
	PRIMARY KEY ("version")
);

-- Volcando datos para la tabla PROYECTOINTER.doctrine_migration_versions: -1 rows
DELETE FROM "doctrine_migration_versions";
/*!40000 ALTER TABLE "doctrine_migration_versions" DISABLE KEYS */;
INSERT INTO "doctrine_migration_versions" ("version", "executed_at", "execution_time") VALUES
	(N'DoctrineMigrations\Version20260209093805', N'2026-02-10 14:02:37.492110', 124);
/*!40000 ALTER TABLE "doctrine_migration_versions" ENABLE KEYS */;

-- Volcando estructura para tabla PROYECTOINTER.HABILIDADES
CREATE TABLE IF NOT EXISTS "HABILIDADES" (
	"id" INT,
	"nombre" NVARCHAR(100) COLLATE Modern_Spanish_CI_AS,
	PRIMARY KEY ("id")
);

-- Volcando datos para la tabla PROYECTOINTER.HABILIDADES: -1 rows
DELETE FROM "HABILIDADES";
/*!40000 ALTER TABLE "HABILIDADES" DISABLE KEYS */;
INSERT INTO "HABILIDADES" ("id", "nombre") VALUES
	(1, N'Programación'),
	(2, N'Diseño Gráfico'),
	(3, N'Redes Sociales'),
	(4, N'Gestión de Eventos'),
	(5, N'Docencia'),
	(6, N'Primeros Auxilios'),
	(7, N'Cocina'),
	(8, N'Idiomas');
/*!40000 ALTER TABLE "HABILIDADES" ENABLE KEYS */;

-- Volcando estructura para tabla PROYECTOINTER.INSCRIPCIONES
CREATE TABLE IF NOT EXISTS "INSCRIPCIONES" (
	"id" INT,
	"ESTADO" NVARCHAR(20) COLLATE Modern_Spanish_CI_AS,
	"DNI_VOLUNTARIO" NCHAR(9) DEFAULT NULL COLLATE Modern_Spanish_CI_AS,
	"CODACTIVIDAD" SMALLINT DEFAULT NULL,
	FOREIGN KEY INDEX "FK_2B7CF67D413E7C02" ("DNI_VOLUNTARIO"),
	FOREIGN KEY INDEX "FK_2B7CF67DC1F05EDB" ("CODACTIVIDAD"),
	PRIMARY KEY ("id"),
	CONSTRAINT "FK_2B7CF67DC1F05EDB" FOREIGN KEY ("CODACTIVIDAD") REFERENCES "ACTIVIDADES" ("CODACTIVIDAD") ON UPDATE NO_ACTION ON DELETE NO_ACTION,
	CONSTRAINT "FK_2B7CF67D413E7C02" FOREIGN KEY ("DNI_VOLUNTARIO") REFERENCES "VOLUNTARIOS" ("DNI") ON UPDATE NO_ACTION ON DELETE NO_ACTION
);

-- Volcando datos para la tabla PROYECTOINTER.INSCRIPCIONES: -1 rows
DELETE FROM "INSCRIPCIONES";
/*!40000 ALTER TABLE "INSCRIPCIONES" DISABLE KEYS */;
/*!40000 ALTER TABLE "INSCRIPCIONES" ENABLE KEYS */;

-- Volcando estructura para tabla PROYECTOINTER.INTERESES
CREATE TABLE IF NOT EXISTS "INTERESES" (
	"id" INT,
	"nombre" NVARCHAR(100) COLLATE Modern_Spanish_CI_AS,
	PRIMARY KEY ("id")
);

-- Volcando datos para la tabla PROYECTOINTER.INTERESES: -1 rows
DELETE FROM "INTERESES";
/*!40000 ALTER TABLE "INTERESES" DISABLE KEYS */;
INSERT INTO "INTERESES" ("id", "nombre") VALUES
	(1, N'Medio Ambiente'),
	(2, N'Educación'),
	(3, N'Salud'),
	(4, N'Animales'),
	(5, N'Cultura'),
	(6, N'Tecnología'),
	(7, N'Derechos Humanos');
/*!40000 ALTER TABLE "INTERESES" ENABLE KEYS */;

-- Volcando estructura para tabla PROYECTOINTER.NECESIDADES
CREATE TABLE IF NOT EXISTS "NECESIDADES" (
	"id" INT,
	"nombre" NVARCHAR(100) COLLATE Modern_Spanish_CI_AS,
	PRIMARY KEY ("id")
);

-- Volcando datos para la tabla PROYECTOINTER.NECESIDADES: -1 rows
DELETE FROM "NECESIDADES";
/*!40000 ALTER TABLE "NECESIDADES" DISABLE KEYS */;
/*!40000 ALTER TABLE "NECESIDADES" ENABLE KEYS */;

-- Volcando estructura para tabla PROYECTOINTER.notificacion
CREATE TABLE IF NOT EXISTS "notificacion" (
	"id" INT,
	"titulo" NVARCHAR(255) COLLATE Modern_Spanish_CI_AS,
	"mensaje" VARCHAR(max) COLLATE Modern_Spanish_CI_AS,
	"fecha" DATETIME2(6),
	"leido" BIT,
	"tipo" NVARCHAR(50) DEFAULT NULL COLLATE Modern_Spanish_CI_AS,
	"voluntario_dni" NCHAR(9) DEFAULT NULL COLLATE Modern_Spanish_CI_AS,
	"organizacion_cif" NCHAR(9) DEFAULT NULL COLLATE Modern_Spanish_CI_AS,
	FOREIGN KEY INDEX "FK_729A19EC6A56CB89" ("voluntario_dni"),
	FOREIGN KEY INDEX "FK_729A19ECD9CDDF39" ("organizacion_cif"),
	PRIMARY KEY ("id"),
	CONSTRAINT "FK_729A19ECD9CDDF39" FOREIGN KEY ("organizacion_cif") REFERENCES "ORGANIZACIONES" ("CIF") ON UPDATE NO_ACTION ON DELETE NO_ACTION,
	CONSTRAINT "FK_729A19EC6A56CB89" FOREIGN KEY ("voluntario_dni") REFERENCES "VOLUNTARIOS" ("DNI") ON UPDATE NO_ACTION ON DELETE NO_ACTION
);

-- Volcando datos para la tabla PROYECTOINTER.notificacion: -1 rows
DELETE FROM "notificacion";
/*!40000 ALTER TABLE "notificacion" DISABLE KEYS */;
/*!40000 ALTER TABLE "notificacion" ENABLE KEYS */;

-- Volcando estructura para tabla PROYECTOINTER.ODS
CREATE TABLE IF NOT EXISTS "ODS" (
	"id" INT,
	"nombre" NVARCHAR(100) COLLATE Modern_Spanish_CI_AS,
	"descripcion" NVARCHAR(255) DEFAULT NULL COLLATE Modern_Spanish_CI_AS,
	"color" NVARCHAR(7) DEFAULT NULL COLLATE Modern_Spanish_CI_AS,
	PRIMARY KEY ("id")
);

-- Volcando datos para la tabla PROYECTOINTER.ODS: -1 rows
DELETE FROM "ODS";
/*!40000 ALTER TABLE "ODS" DISABLE KEYS */;
INSERT INTO "ODS" ("id", "nombre", "descripcion", "color") VALUES
	(1, N'Fin de la pobreza', NULL, N'#E5243B'),
	(2, N'Hambre cero', NULL, N'#DDA63A'),
	(3, N'Salud y bienestar', NULL, N'#4C9F38'),
	(4, N'Educación de calidad', NULL, N'#C5192D');
/*!40000 ALTER TABLE "ODS" ENABLE KEYS */;

-- Volcando estructura para tabla PROYECTOINTER.ORGANIZACIONES
CREATE TABLE IF NOT EXISTS "ORGANIZACIONES" (
	"CIF" NCHAR(9) COLLATE Modern_Spanish_CI_AS,
	"NOMBRE" NVARCHAR(40) COLLATE Modern_Spanish_CI_AS,
	"EMAIL" VARCHAR(100) COLLATE Modern_Spanish_CI_AS,
	"SECTOR" NVARCHAR(100) DEFAULT NULL COLLATE Modern_Spanish_CI_AS,
	"DIRECCION" NVARCHAR(40) COLLATE Modern_Spanish_CI_AS,
	"LOCALIDAD" NVARCHAR(40) COLLATE Modern_Spanish_CI_AS,
	"CP" CHAR(5) COLLATE Modern_Spanish_CI_AS,
	"DESCRIPCION" NVARCHAR(200) COLLATE Modern_Spanish_CI_AS,
	"CONTACTO" NVARCHAR(40) COLLATE Modern_Spanish_CI_AS,
	"ESTADO" NVARCHAR(20) COLLATE Modern_Spanish_CI_AS,
	"FCM_TOKEN" NVARCHAR(255) DEFAULT NULL COLLATE Modern_Spanish_CI_AS,
	PRIMARY KEY ("CIF"),
	UNIQUE INDEX "UQ__ORGANIZA__161CF7244D829B00" ("EMAIL")
);

-- Volcando datos para la tabla PROYECTOINTER.ORGANIZACIONES: -1 rows
DELETE FROM "ORGANIZACIONES";
/*!40000 ALTER TABLE "ORGANIZACIONES" DISABLE KEYS */;
INSERT INTO "ORGANIZACIONES" ("CIF", "NOMBRE", "EMAIL", "SECTOR", "DIRECCION", "LOCALIDAD", "CP", "DESCRIPCION", "CONTACTO", "ESTADO", "FCM_TOKEN") VALUES
	(N'B00000000', N'EcoVida', N'ecovida0@test.com', N'Medio Ambiente', N'Calle Solidaria 0', N'Pamplona', N'31000', N'Labor social enfocada en Medio Ambiente', N'600000000', N'aprobado', NULL),
	(N'B00000001', N'AyudaDirecta', N'ayudadirecta1@test.com', N'Social', N'Calle Solidaria 1', N'Pamplona', N'31000', N'Labor social enfocada en Social', N'600000001', N'aprobado', NULL),
	(N'B00000002', N'Huellas Felices', N'huellasfelices2@test.com', N'Animales', N'Calle Solidaria 2', N'Pamplona', N'31000', N'Labor social enfocada en Animales', N'600000002', N'aprobado', NULL),
	(N'B00000003', N'Techo Para Todos', N'techoparatodos3@test.com', N'Vivienda', N'Calle Solidaria 3', N'Pamplona', N'31000', N'Labor social enfocada en Vivienda', N'600000003', N'aprobado', NULL),
	(N'B00000004', N'Mentes Brillantes', N'mentesbrillantes4@test.com', N'Educación', N'Calle Solidaria 4', N'Pamplona', N'31000', N'Labor social enfocada en Educación', N'600000004', N'aprobado', NULL),
	(N'B99999999', N'Organización Test', N'organizacion_test@curso.com', N'Social', N'Calle Test 123', N'Pamplona', N'31000', N'Organización de prueba documentada en el README.', N'600000000', N'ACEPTADA', NULL);
/*!40000 ALTER TABLE "ORGANIZACIONES" ENABLE KEYS */;

-- Volcando estructura para tabla PROYECTOINTER.VOLUNTARIOS
CREATE TABLE IF NOT EXISTS "VOLUNTARIOS" (
	"DNI" NCHAR(9) COLLATE Modern_Spanish_CI_AS,
	"NOMBRE" NVARCHAR(100) COLLATE Modern_Spanish_CI_AS,
	"APELLIDO1" NVARCHAR(100) COLLATE Modern_Spanish_CI_AS,
	"APELLIDO2" NVARCHAR(100) COLLATE Modern_Spanish_CI_AS,
	"CORREO" NVARCHAR(40) COLLATE Modern_Spanish_CI_AS,
	"ZONA" NVARCHAR(100) DEFAULT NULL COLLATE Modern_Spanish_CI_AS,
	"FECHA_NACIMIENTO" DATETIME2(6),
	"EXPERIENCIA" NVARCHAR(200) DEFAULT NULL COLLATE Modern_Spanish_CI_AS,
	"COCHE" BIT,
	"DISPONIBILIDAD" VARCHAR(max) DEFAULT NULL COLLATE Modern_Spanish_CI_AS,
	"IDIOMAS" VARCHAR(max) DEFAULT NULL COLLATE Modern_Spanish_CI_AS,
	"ESTADO_VOLUNTARIO" NVARCHAR(20) COLLATE Modern_Spanish_CI_AS,
	"FCM_TOKEN" NVARCHAR(255) DEFAULT NULL COLLATE Modern_Spanish_CI_AS,
	"CURSO_CICLOS" SMALLINT DEFAULT NULL,
	"NOMBRE_CICLOS" NVARCHAR(100) DEFAULT NULL COLLATE Modern_Spanish_CI_AS,
	FOREIGN KEY INDEX "FK_CC29E0C94F5222D9CCB2DE43" ("CURSO_CICLOS", "NOMBRE_CICLOS"),
	PRIMARY KEY ("DNI"),
	CONSTRAINT "FK_CC29E0C94F5222D9CCB2DE43" FOREIGN KEY ("CURSO_CICLOS", "NOMBRE_CICLOS") REFERENCES "CICLOS" ("CURSO", "NOMBRE") ON UPDATE NO_ACTION ON DELETE NO_ACTION
);

-- Volcando datos para la tabla PROYECTOINTER.VOLUNTARIOS: -1 rows
DELETE FROM "VOLUNTARIOS";
/*!40000 ALTER TABLE "VOLUNTARIOS" DISABLE KEYS */;
INSERT INTO "VOLUNTARIOS" ("DNI", "NOMBRE", "APELLIDO1", "APELLIDO2", "CORREO", "ZONA", "FECHA_NACIMIENTO", "EXPERIENCIA", "COCHE", "DISPONIBILIDAD", "IDIOMAS", "ESTADO_VOLUNTARIO", "FCM_TOKEN", "CURSO_CICLOS", "NOMBRE_CICLOS") VALUES
	(N'00000000V', N'Carlos', N'Lopez', N'Martinez', N'carlos.lopez0@test.com', N'Valencia', N'2000-01-01 00:00:00.000000', N'Usuario de prueba generado via Fixtures.', bN'1', NULL, NULL, N'ACEPTADO', NULL, 2, N'DAM'),
	(N'00000001V', N'Ana', N'Martinez', N'Ruiz', N'ana.martinez1@test.com', N'Sevilla', N'2000-01-01 00:00:00.000000', N'Usuario de prueba generado via Fixtures.', bN'1', NULL, NULL, N'ACEPTADO', NULL, 2, N'DAW'),
	(N'00000002V', N'Lucia', N'Ruiz', N'Gomez', N'lucia.ruiz2@test.com', N'Madrid', N'2000-01-01 00:00:00.000000', N'Usuario de prueba generado via Fixtures.', bN'1', NULL, NULL, N'ACEPTADO', NULL, 2, N'Administración'),
	(N'00000003V', N'Marcos', N'Gomez', N'Fernandez', N'marcos.gomez3@test.com', N'Sevilla', N'2000-01-01 00:00:00.000000', N'Usuario de prueba generado via Fixtures.', bN'1', NULL, NULL, N'ACEPTADO', NULL, 2, N'Administración'),
	(N'00000004V', N'Elena', N'Fernandez', N'Garcia', N'elena.fernandez4@test.com', N'Madrid', N'2000-01-01 00:00:00.000000', N'Usuario de prueba generado via Fixtures.', bN'1', NULL, NULL, N'ACEPTADO', NULL, 2, N'Marketing'),
	(N'00000005V', N'Javier', N'Garcia', N'Perez', N'javier.garcia5@test.com', N'Madrid', N'2000-01-01 00:00:00.000000', N'Usuario de prueba generado via Fixtures.', bN'1', NULL, NULL, N'ACEPTADO', NULL, 2, N'Administración'),
	(N'00000006V', N'Sara', N'Perez', N'Sanchez', N'sara.perez6@test.com', N'Pamplona', N'2000-01-01 00:00:00.000000', N'Usuario de prueba generado via Fixtures.', bN'1', NULL, NULL, N'ACEPTADO', NULL, 2, N'Marketing'),
	(N'00000007V', N'David', N'Sanchez', N'Diaz', N'david.sanchez7@test.com', N'Madrid', N'2000-01-01 00:00:00.000000', N'Usuario de prueba generado via Fixtures.', bN'1', NULL, NULL, N'ACEPTADO', NULL, 2, N'Marketing'),
	(N'00000008V', N'Laura', N'Diaz', N'Rodríguez', N'laura.diaz8@test.com', N'Pamplona', N'2000-01-01 00:00:00.000000', N'Usuario de prueba generado via Fixtures.', bN'1', NULL, NULL, N'ACEPTADO', NULL, 2, N'DAM'),
	(N'00000009V', N'Pablo', N'Rodríguez', N'Lopez', N'pablo.rodríguez9@test.com', N'Madrid', N'2000-01-01 00:00:00.000000', N'Usuario de prueba generado via Fixtures.', bN'1', NULL, NULL, N'ACEPTADO', NULL, 2, N'ASIR'),
	(N'12345678T', N'Voluntario', N'Test', N'Usuario', N'voluntario_test@curso.com', N'Pamplona', N'1995-01-01 00:00:00.000000', N'Usuario de prueba documentado en el README.', bN'1', NULL, NULL, N'LIBRE', NULL, 2, N'DAM');
/*!40000 ALTER TABLE "VOLUNTARIOS" ENABLE KEYS */;

-- Volcando estructura para tabla PROYECTOINTER.VOLUNTARIOS_HABILIDADES
CREATE TABLE IF NOT EXISTS "VOLUNTARIOS_HABILIDADES" (
	"DNI" NCHAR(9) COLLATE Modern_Spanish_CI_AS,
	"HABILIDAD_ID" INT,
	FOREIGN KEY INDEX "FK_C424E76BCF65AA26" ("HABILIDAD_ID"),
	FOREIGN KEY INDEX "FK_C424E76BE92867B1" ("DNI"),
	PRIMARY KEY ("DNI", "HABILIDAD_ID"),
	CONSTRAINT "FK_C424E76BCF65AA26" FOREIGN KEY ("HABILIDAD_ID") REFERENCES "HABILIDADES" ("id") ON UPDATE NO_ACTION ON DELETE NO_ACTION,
	CONSTRAINT "FK_C424E76BE92867B1" FOREIGN KEY ("DNI") REFERENCES "VOLUNTARIOS" ("DNI") ON UPDATE NO_ACTION ON DELETE NO_ACTION
);

-- Volcando datos para la tabla PROYECTOINTER.VOLUNTARIOS_HABILIDADES: -1 rows
DELETE FROM "VOLUNTARIOS_HABILIDADES";
/*!40000 ALTER TABLE "VOLUNTARIOS_HABILIDADES" DISABLE KEYS */;
INSERT INTO "VOLUNTARIOS_HABILIDADES" ("DNI", "HABILIDAD_ID") VALUES
	(N'00000000V', 7),
	(N'00000001V', 1),
	(N'00000002V', 6),
	(N'00000003V', 3),
	(N'00000004V', 4),
	(N'00000005V', 6),
	(N'00000006V', 2),
	(N'00000007V', 4),
	(N'00000008V', 6),
	(N'00000009V', 4),
	(N'12345678T', 1);
/*!40000 ALTER TABLE "VOLUNTARIOS_HABILIDADES" ENABLE KEYS */;

-- Volcando estructura para tabla PROYECTOINTER.VOLUNTARIOS_INTERESES
CREATE TABLE IF NOT EXISTS "VOLUNTARIOS_INTERESES" (
	"DNI" NCHAR(9) COLLATE Modern_Spanish_CI_AS,
	"INTERES_ID" INT,
	FOREIGN KEY INDEX "FK_C12BB10A6F2DFDAA" ("INTERES_ID"),
	FOREIGN KEY INDEX "FK_C12BB10AE92867B1" ("DNI"),
	PRIMARY KEY ("DNI", "INTERES_ID"),
	CONSTRAINT "FK_C12BB10A6F2DFDAA" FOREIGN KEY ("INTERES_ID") REFERENCES "INTERESES" ("id") ON UPDATE NO_ACTION ON DELETE NO_ACTION,
	CONSTRAINT "FK_C12BB10AE92867B1" FOREIGN KEY ("DNI") REFERENCES "VOLUNTARIOS" ("DNI") ON UPDATE NO_ACTION ON DELETE NO_ACTION
);

-- Volcando datos para la tabla PROYECTOINTER.VOLUNTARIOS_INTERESES: -1 rows
DELETE FROM "VOLUNTARIOS_INTERESES";
/*!40000 ALTER TABLE "VOLUNTARIOS_INTERESES" DISABLE KEYS */;
INSERT INTO "VOLUNTARIOS_INTERESES" ("DNI", "INTERES_ID") VALUES
	(N'00000000V', 4),
	(N'00000001V', 1),
	(N'00000002V', 1),
	(N'00000003V', 2),
	(N'00000004V', 4),
	(N'00000005V', 6),
	(N'00000006V', 4),
	(N'00000007V', 5),
	(N'00000008V', 7),
	(N'00000009V', 4),
	(N'12345678T', 1);
/*!40000 ALTER TABLE "VOLUNTARIOS_INTERESES" ENABLE KEYS */;

/*!40103 SET TIME_ZONE=IFNULL(@OLD_TIME_ZONE, 'system') */;
/*!40101 SET SQL_MODE=IFNULL(@OLD_SQL_MODE, '') */;
/*!40014 SET FOREIGN_KEY_CHECKS=IFNULL(@OLD_FOREIGN_KEY_CHECKS, 1) */;
/*!40101 SET CHARACTER_SET_CLIENT=@OLD_CHARACTER_SET_CLIENT */;
/*!40111 SET SQL_NOTES=IFNULL(@OLD_SQL_NOTES, 1) */;
